author,paper_count,total_citations,avg_pagerank,influence_score
Yogesh K. Dwivedi,1,4015,0.069771,7272.29
Laurie Hughes,1,4015,0.069771,7272.29
Elvira Ismagilova,1,4015,0.069771,7272.29
Gert Aarts,1,4015,0.069771,7272.29
Crispin Coombs,1,4015,0.069771,7272.29
Tom Crick,1,4015,0.069771,7272.29
Yanqing Duan,1,4015,0.069771,7272.29
Rohita Dwivedi,1,4015,0.069771,7272.29
John S. Edwards,1,4015,0.069771,7272.29
Aled Eirug,1,4015,0.069771,7272.29
